{
  "ret": 0.39677621534352825,
  "mtx": [
    [
      4950.661092496948,
      0.0,
      633.6073466485544
    ],
    [
      0.0,
      4864.514616285357,
      515.3418045850099
    ],
    [
      0.0,
      0.0,
      1.0
    ]
  ],
  "dist": [
    [
      -1.932871109561859,
      69.05190357769888,
      0.04656007696684483,
      0.03833592116042833,
      -136.49641732540258
    ]
  ],
  "rvecs": [
    [
      [
        0.12692036610907734
      ],
      [
        0.09501877803666572
      ],
      [
        -0.002385248836012465
      ]
    ],
    [
      [
        0.027861099333296745
      ],
      [
        0.2425484080165676
      ],
      [
        0.018380000249682858
      ]
    ],
    [
      [
        -0.011809047877733016
      ],
      [
        0.04375105713178489
      ],
      [
        0.006692724782821982
      ]
    ],
    [
      [
        -0.10761523107321595
      ],
      [
        0.2289735544747052
      ],
      [
        -0.029480382774487567
      ]
    ],
    [
      [
        -0.06400430548758643
      ],
      [
        0.15128339441615296
      ],
      [
        -0.04495289254257854
      ]
    ],
    [
      [
        0.11188480500602514
      ],
      [
        0.2687832910578379
      ],
      [
        -0.02241384086741404
      ]
    ],
    [
      [
        0.016746255800737877
      ],
      [
        0.08865378306510978
      ],
      [
        -0.051150860396463924
      ]
    ],
    [
      [
        -0.10372528752697274
      ],
      [
        0.15268588293748767
      ],
      [
        -0.007992718851729252
      ]
    ],
    [
      [
        -0.12642998976696104
      ],
      [
        0.2705104937348501
      ],
      [
        0.007682038395657048
      ]
    ],
    [
      [
        -0.0179904304509643
      ],
      [
        0.18730826339218845
      ],
      [
        0.00011065288943016839
      ]
    ]
  ],
  "tvecs": [
    [
      [
        -16.125616052453665
      ],
      [
        -6.956783740262407
      ],
      [
        176.27785771171446
      ]
    ],
    [
      [
        2.8303581650280156
      ],
      [
        -7.685989982943016
      ],
      [
        177.7826421976683
      ]
    ],
    [
      [
        -13.82074845468568
      ],
      [
        7.692593649743455
      ],
      [
        195.14419107605227
      ]
    ],
    [
      [
        10.237245401121926
      ],
      [
        9.349646122379385
      ],
      [
        195.69133769668815
      ]
    ],
    [
      [
        -2.0137882553991227
      ],
      [
        9.90978549426038
      ],
      [
        196.09132981806258
      ]
    ],
    [
      [
        -2.283875519313108
      ],
      [
        -15.821129481261652
      ],
      [
        174.02907267119224
      ]
    ],
    [
      [
        -10.706226481194719
      ],
      [
        3.4295914944425103
      ],
      [
        195.15117104611724
      ]
    ],
    [
      [
        3.325950879393231
      ],
      [
        13.795667198439947
      ],
      [
        196.75130523158515
      ]
    ],
    [
      [
        14.352111710435539
      ],
      [
        9.156493261672356
      ],
      [
        195.33028904330206
      ]
    ],
    [
      [
        3.290583725211039
      ],
      [
        -0.5055678225823216
      ],
      [
        195.2846444362892
      ]
    ]
  ]
}